Time,x_sat,y_sat,z_sat,InTrackAngle,CrossTrackAngle
13.5,795.1350408019854,-795.1350408019846,7291.942143355034,43.55273949818033,-1.9085005597744007
14.0,640.7044373668119,-640.7044373668112,7322.287575350787,37.66673278996313,-0.575238825718839
14.5,485.7016105273946,-485.7016105273939,7346.093354928301,29.23930631987399,-1.0286810557151758
15.0,330.2649957932628,-330.2649957932616,7363.338220764201,20.83910235020903,-0.7112335641470611
15.5,174.53341609685904,-174.5334160968578,7374.006771192353,9.874721497800909,-2.153785683857942
16.5,-137.25815348355698,137.25815348355778,7375.582694734304,-10.817119382732791,-0.04872413624212513
17.0,-293.0396773184007,293.0396773184016,7366.488660365521,-21.356000195380876,-1.0231794428794418
17.5,-448.5594827196684,448.5594827196692,7350.815496880879,-30.422727905678745,-0.7858887450014208
18.0,-603.6786724559939,603.6786724559945,7328.577202233943,-37.503673731115796,-1.1559783484609034
