Time,x_sat,y_sat,z_sat,InTrackAngle,CrossTrackAngle
27.0,-317.5768887358988,4.5136186827200984e-13,7371.298705655631,28.517257263319006,-1.8538158073008084
28.0,-757.3470519242217,4.493941721701989e-13,7339.163789642608,6.085327428870213,-4.990061104108072
29.0,-1194.4122240422794,4.458213899725729e-13,7280.815828416342,-13.078910060893346,-10.132774172627549
30.0,-1627.211354070332,4.4065628246550555e-13,7196.463221433439,-30.803800848728457,-9.118920859149132
