Time,x_sat,y_sat,z_sat,InTrackAngle,CrossTrackAngle,Range
0.0,44.96434543971573,0.08053320475834574
1.0,36.80846332775599,-0.1688091988630741
2.0,23.848164836145433,-0.00859488080027224
3.0,6.771871433033981,0.07875860695687681
4.0,-11.883894242154929,0.23324401592826988
5.0,-27.77415201749879,0.08173281869241353
6.0,-39.402508568951816,0.09501274524496298
7.0,-47.06382548331089,-0.10522961836671979
