Time,x_sat,y_sat,z_sat,InTrackAngle,CrossTrackAngle
24.0,1002.2417919981891,4.475929546652513e-13,7309.747675442143,34.47461941981948,4.04161740615297
25.0,563.791510203689,4.5045964830513457e-13,7356.56433542736,10.038117438457732,-3.774235979879892
26.0,123.32755317704853,4.517174503238188e-13,7377.105801253424,-10.624293355657375,-5.173521038317542
27.0,-317.5768887358988,4.5136186827200984e-13,7371.298705655631,-26.79441062656998,-1.7300852674409954
