Time,x_sat,y_sat,z_sat,InTrackAngle,CrossTrackAngle
4.0,809.7875252801531,4.4905121260002704e-13,7333.5628348136615,34.46948746380976,-0.0016386593241119747
4.5,590.2865072587721,4.5033237532171537e-13,7354.485809871944,26.313682762866748,-0.002220872427488508
5.0,370.25829489478554,4.512113389796577e-13,7368.840375752562,16.80992100500487,-0.002891417631494132
6.0,-70.59337462709155,4.5175988894971245e-13,7377.798876610714,-4.606282343321792,-0.0034352853890609217
6.5,-291.0231000915707,4.514289853430527e-13,7372.394810607517,-15.360417794790827,-0.004828820712630035
7.0,-511.1929081599228,4.50694903272657e-13,7360.406340610996,-25.018058325724148,-0.005577830263911049
7.5,-730.9061616469866,4.495582983589908e-13,7341.844173715895,-33.32282945290221,-0.00599778650455168
