Time,x_sat,y_sat,z_sat,InTrackAngle,CrossTrackAngle,Range
0.0,1281.199975167682,4.449170065615049e-13,7266.046126463132,45.27276785758535,0.0
1.0,844.8621083412248,4.488088578038908e-13,7329.604880629568,38.19727692967058,-1.7075472925031877e-06
2.0,405.50667585202024,4.5109771349815715e-13,7366.984730817555,28.244400727965633,0.0
3.0,-35.2970912340199,4.5177539861516974e-13,7378.052168669585,14.994483207544643,-1.4787793334710982e-06
4.0,-475.9747888828688,4.508394926897201e-13,7362.767664988993,-0.6725443271610709,-1.2074182697257333e-06
5.0,-914.9524633384816,4.4829333846561953e-13,7321.185810925058,-16.218059256228766,-8.537736462515939e-07
6.0,-1350.6622327606485,4.4414602995653374e-13,7253.455122991634,-29.201182851265894,-2.4148365394514667e-06
7.0,-1781.5478871759874,4.3841237996519843e-13,7159.81751261569,-38.888006288183156,-8.537736462515939e-07
8.0,-2206.0704467409287,4.31112867177029e-13,7040.6074221103845,-45.75708547493785,-1.2074182697257333e-06
