Time,x_sat,y_sat,z_sat,InTrackAngle,CrossTrackAngle
24.0,1002.2417919981891,4.475929546652513e-13,7309.747675442143,36.25117596214076,-0.161536006409199
26.0,123.32755317704853,4.517174503238188e-13,7377.105801253424,-0.13367827240744273,-0.10663645865341649
27.0,-317.5768887358988,4.5136186827200984e-13,7371.298705655631,-20.559478884018652,-0.091138903550652
28.0,-757.3470519242217,4.493941721701989e-13,7339.163789642608,-36.742093387843966,-0.07685731180622996
