Time,x_sat,y_sat,z_sat,InTrackAngle,CrossTrackAngle
46.0,1993.4575678079327,-1993.4575678079323,6818.295501000094,68.96932569190966,16.960426473027216
47.0,1701.8910854416156,-1701.891085441615,6974.527450289967,67.85336485352,15.661841855825369
48.0,1404.246015752632,-1404.2460157526314,7105.848713753008,64.36500682713992,18.484702113998654
50.0,794.9903837536676,-794.990383753667,7291.973688085959,53.84868131784792,22.677235396384603
