Time,x_sat,y_sat,z_sat,InTrackAngle,CrossTrackAngle,Range
0.0,1281.199975167682,4.449170065615049e-13,7266.046126463132,45.270524782682664,-0.001823387194897688
1.0,844.8621083412248,4.488088578038908e-13,7329.604880629568,35.03128595661557,-0.0037670709851181385
2.0,405.50667585202024,4.5109771349815715e-13,7366.984730817555,19.161865918992003,-0.007573762817700376
3.0,-35.2970912340199,4.5177539861516974e-13,7378.052168669585,-1.7521346589224467,-0.0021488324914892606
4.0,-475.9747888828688,4.508394926897201e-13,7362.767664988993,-22.084598108801764,0.024791945072324597
5.0,-914.9524633384816,4.4829333846561953e-13,7321.185810925058,-37.011546658159226,-0.0065480267010033415
6.0,-1350.6622327606485,4.4414602995653374e-13,7253.455122991634,-46.50810655479056,0.002142484530907013
