Time,x_sat,y_sat,z_sat,InTrackAngle,CrossTrackAngle
7.0,6741.681252542035,1.8356055963140216e-13,2997.7714351469203,32.34427041715335,-0.5476297870182338
8.0,6550.564662328169,2.0789260721324322e-13,3395.1439281593052,14.09446860526695,-2.0244733488077915
9.0,6336.051639961065,2.3148213174088137e-13,3780.3900994482365,-4.269483434220135,-2.633663942538114
10.0,6098.908354409736,2.54244879300557e-13,4152.133978181663,-24.15389086707705,1.7062151693039365
