Time,x_sat,y_sat,z_sat,InTrackAngle,CrossTrackAngle
4.0,809.7875252801531,4.4905121260002704e-13,7333.5628348136615,35.783231649263456,-0.003957330626876864
4.5,590.2865072587721,4.5033237532171537e-13,7354.485809871944,28.301011947049858,-0.007227652205887001
5.0,370.25829489478554,4.512113389796577e-13,7368.840375752562,19.869129954380625,-0.015415037381656935
5.5,149.89939891196215,4.5168731855732057e-13,7376.613712162606,10.07160567053535,-0.020759840440044676
6.0,-70.59337462709155,4.5175988894971245e-13,7377.798876610714,-0.29278393977387346,-0.02808316585626197
6.5,-291.0231000915707,4.514289853430527e-13,7372.394810607517,-10.63803248949658,-0.03651066343296756
7.0,-511.1929081599228,4.50694903272657e-13,7360.406340610996,-20.24876863953139,-0.04800201694138675
7.5,-730.9061616469866,4.495582983589908e-13,7341.844173715895,-28.82749863029467,-0.0599979093636971
8.0,-949.9666311238165,4.4802018572212335e-13,7316.724888091038,-36.182954042603626,-0.07330437864698816
