Time,x_sat,y_sat,z_sat,InTrackAngle,CrossTrackAngle
33.0,1953.0921738784073,-1953.0921738784064,6841.619808855896,57.55836177732382,-53.26077715666287
34.0,1660.612552802932,-1660.6125528029313,6994.40001624201,49.660750684288125,-55.072332920026795
35.0,1362.2017775556792,-1362.2017775556785,7122.198559623836,38.03259432270228,-56.71700560210736
36.0,1058.925671896395,-1058.9256718963943,7224.558985229278,21.23822880642501,-58.23958117133509
37.0,751.8674369223168,-751.8674369223162,7301.115695758511,-0.06889179875516463,-59.64996930120562
38.0,442.12378223513406,-442.12378223513355,7351.595256175612,-21.032738005312105,-60.884179417473845
