Time,x_sat,y_sat,z_sat,InTrackAngle,CrossTrackAngle
7.0,6741.681252542035,1.8356055963140216e-13,2997.7714351469203,31.680550862574382,1.376875768760958
8.0,6550.564662328169,2.0789260721324322e-13,3395.1439281593052,15.4127189462286,3.6654582956396733
9.0,6336.051639961065,2.3148213174088137e-13,3780.3900994482365,-6.184010371073962,2.5431151484560433
10.0,6098.908354409736,2.54244879300557e-13,4152.133978181663,-22.186988614457782,4.274449943650617
