Time,x_sat,y_sat,z_sat,InTrackAngle,CrossTrackAngle
8.0,1609.790661639462,4.408961226560249e-13,7200.380108991326,55.8548200465216,-0.0653585347592331
9.0,1176.7886599967287,4.459970800923279e-13,7283.685065814052,48.160846263713054,-0.09203291269983427
10.0,739.5835617567404,4.4950508471268024e-13,7340.975128921142,37.07657433336044,-0.12325955916743422
11.0,299.73691770867737,4.5140760709460843e-13,7372.045677315223,21.378748832985167,-0.1579543911738635
12.0,-141.1802866376925,4.5169785206271577e-13,7376.785737360444,1.4890752729579848,-0.19694390652524674
13.0,-581.5932420882858,4.5037478295878184e-13,7355.178379143282,-18.755711102904012,-0.2402270918550244
15.0,-1454.6217928307533,4.429133501226504e-13,7233.323933578628,-46.8336639117408,-0.33966974010773093
16.0,-1884.119221322021,4.3680163613991964e-13,7133.51206966838,-54.936379350908936,-0.39582647498264206
