Time,x_sat,y_sat,z_sat,InTrackAngle,CrossTrackAngle
23.0,1437.112400391027,4.4312760827771744e-13,7236.823034792401,30.992458445766434,-2.42068699200998
24.0,1002.2417919981891,4.475929546652513e-13,7309.747675442143,11.556805291721119,-5.030340015524309
25.0,563.791510203689,4.5045964830513457e-13,7356.56433542736,-11.652257354157506,-5.934440585824599
26.0,123.32755317704853,4.517174503238188e-13,7377.105801253424,-31.330029641354145,-7.0709617036369705
