Time,x_sat,y_sat,z_sat,InTrackAngle,CrossTrackAngle
50.0,794.9903837536676,-794.9903837536668,7291.973688085959,63.66033872208739,36.45372132829237
