Time,x_sat,y_sat,z_sat,InTrackAngle,CrossTrackAngle
27.0,-317.5768887358988,4.5136186827200984e-13,7371.298705655631,34.01115894381321,-5.607391337939831
28.0,-757.3470519242217,4.493941721701989e-13,7339.163789642608,19.80042450959459,-8.793832366499869
29.0,-1194.4122240422794,4.458213899725729e-13,7280.815828416342,-4.932259219318295,-10.053162114315562
30.0,-1627.211354070332,4.4065628246550555e-13,7196.463221433439,-22.346191202151548,-9.086643484024671
31.0,-2054.1986278681193,4.339172976902856e-13,7086.407248071782,-34.956943640669465,-9.765308461253612
