Time,x_sat,y_sat,z_sat,InTrackAngle,CrossTrackAngle
43.0,1150.3266558053413,-1150.3266558053408,7196.554512969867,66.69835755009224,29.017198861295487
44.0,844.2881097973911,-844.2881097973905,7280.882835451278,63.8255413453343,32.437158752551014
45.0,535.2340482580449,-535.2340482580446,7339.206272849276,57.520915779693006,34.13684900942721
46.0,224.26830921581322,-224.26830921581268,7371.316513298185,51.06798359202024,34.701470950550025
47.0,-87.4984414263597,87.4984414263602,7377.098869728904,45.781934879909585,33.4554417402657
48.0,-398.9526768192564,398.95267681925685,7356.532689492861,33.58257747260559,36.46816456244459
50.0,-1016.4790486213509,1016.4790486213512,7236.742386992038,0.7892781581505145,37.30481584081454
