Time,x_sat,y_sat,z_sat,InTrackAngle,CrossTrackAngle
13.0,6954.029345822095,1.5096442616857793e-13,2465.436177576836,47.92273004792941,-3.300023304336139
14.0,6794.333506467316,1.7613141609915727e-13,2876.444313932585,38.21970175132527,-1.6569889666985675
15.0,6610.370573952658,2.0066932335683079e-13,3277.178750584161,21.827011957376854,-1.6842072120113416
17.0,6172.355973577965,2.475098848699352e-13,4042.1431720927403,-19.30153058593416,-0.2177703938879616
18.0,5919.868747778741,2.6964524026245063e-13,4403.640959175954,-37.313871275423914,4.672726445025313
19.0,5646.2377252760025,2.9081751279196875e-13,4749.410409506598,-47.751462251941966,5.754751996382023
