Time,x_sat,y_sat,z_sat,InTrackAngle,CrossTrackAngle
33.0,255.54327792556825,4.5150950981588094e-13,7373.709875047065,48.108440900286055,-10.49313841363609
34.0,-185.39441768568312,4.516379204258035e-13,7375.806979453201,43.28195064652515,-12.995786140292061
35.0,-625.6699462718648,4.5015323101950287e-13,7351.5601613937515,24.346805871964317,-6.814509743202782
36.0,-1063.7107904906889,4.470607444123475e-13,7301.056022415746,4.57263073321401,-7.043400781902999
37.0,-1497.9524145470875,4.4237150593505595e-13,7224.474946458885,-15.331493867645937,-10.269499076168495
38.0,-1926.8438521932546,4.3610226398345985e-13,7122.090455584274,-36.407602934146965,-8.930559206878463
39.0,-2348.8532462627854,4.2827541019881953e-13,6994.268233044851,-48.9660545004501,-11.452423052394
