Time,x_sat,y_sat,z_sat,InTrackAngle,CrossTrackAngle
22.0,4708.6114567736,3.4781843659017346e-13,5680.306139408329,47.63272037228676,-2.263969902942808
24.0,3997.5723969400024,3.79721062280234e-13,6201.315555548106,18.185365550144365,0.09069009630090419
25.0,3619.9870677846907,3.936653438215368e-13,6429.042955007467,1.037864139041013,6.203156060308168
26.0,3229.4723522034874,4.062035840545583e-13,6633.807957320805,-19.467892416282467,0.14355948374605587
27.0,2827.423038511434,4.172910005670858e-13,6814.879210195462,-40.43640433063115,4.154076421874751
28.0,2415.2751127608713,4.268879928053408e-13,6971.609987509163,-51.94743804721968,2.498912080268968
