Time,x_sat,y_sat,z_sat,InTrackAngle,CrossTrackAngle
33.0,255.54327792556825,4.5150950981588094e-13,7373.709875047065,49.53226816186323,-7.606930220126664
34.0,-185.39441768568312,4.516379204258035e-13,7375.806979453201,39.779485817978184,-8.272430249510542
35.0,-625.6699462718648,4.5015323101950287e-13,7351.5601613937515,18.481823097121673,-8.027333369338727
36.0,-1063.7107904906889,4.470607444123475e-13,7301.056022415746,1.3762088581402594,-11.694112007478815
38.0,-1926.8438521932546,4.3610226398345985e-13,7122.090455584274,-34.70617454068103,-11.833716279181267
39.0,-2348.8532462627854,4.2827541019881953e-13,6994.268233044851,-47.55923663988481,-9.873217948238596
