Time,x_sat,y_sat,z_sat,InTrackAngle,CrossTrackAngle
31.0,1247.48869252997,-1247.488692529969,7164.108012326398,36.16768912436392,-52.91143244547559
32.0,942.6471795934909,-942.64717959349,7256.702576092563,16.785164306780146,-51.90720483669252
33.0,634.4388453341669,-634.438845334166,7323.37861859686,-0.6865239146377011,-55.43881805458521
34.0,323.9645071247386,-323.9645071247379,7363.897995254037,-21.518277811791183,-56.007371468717366
