Time,x_sat,y_sat,z_sat,InTrackAngle,CrossTrackAngle
13.0,704.4557880453874,4.497165916414721e-13,7344.429299200102,37.881346202372676,-1.0781896555649841
14.0,264.4655354954125,4.514902452360901e-13,7373.395260583463,24.892128643690953,-1.868009981538274
15.0,-176.46929973972266,4.5165132626100817e-13,7376.025913356658,4.833941706744578,-1.424982383523763
16.0,-616.7738454942835,4.50199259388531e-13,7352.311861705387,-18.633925404535326,-0.9124683806566751
17.0,-1054.8754807863334,4.4713923091721683e-13,7302.337804312763,-35.1236017751389,-3.1767249967842917
