Time,x_sat,y_sat,z_sat,InTrackAngle,CrossTrackAngle
21.0,5039.525593084184,3.299740379798456e-13,5388.884994589238,46.887391077994316,-12.548926971762533
22.0,4708.6114567736,3.4781843659017346e-13,5680.306139408329,32.912886062206624,-14.982535971821221
23.0,4360.879730810338,3.6442054375345593e-13,5951.439125259294,14.911224174018916,-14.324205360111737
24.0,3997.5723969400024,3.79721062280234e-13,6201.315555548106,-9.279564858204896,-17.92045103368596
25.0,3619.9870677846907,3.936653438215368e-13,6429.042955007467,-31.166731249955657,-11.969445694584387
