Time,x_sat,y_sat,z_sat,InTrackAngle,CrossTrackAngle
13.0,1392.3641647354298,-1392.364164735429,7110.523451461276,56.998351030976565,-5.2466954007982665
14.0,1089.5273535583665,-1089.5273535583653,7215.452860351577,50.01386705735132,-6.2792219184966145
15.0,782.799114066244,-782.7991140662432,7294.6110782065525,41.1320123986989,-7.573191208714524
16.0,473.27497722695205,-473.27497722695125,7347.715378273794,24.414649594009504,-7.973325921953661
17.0,162.060460021186,-162.0604600211852,7374.576089705428,2.6777841057189615,-8.240816653877094
18.0,-149.73288309548406,149.73288309548488,7375.097274999116,-20.8289985164988,-9.023255866905497
19.0,-460.99143029439165,460.9914302943923,7349.2770726548215,-35.95360214151183,-11.252511198176412
20.0,-770.6034698595172,770.603469859518,7297.207703823464,-49.000541287359894,-12.56798941417581
21.0,-1077.463170850946,1077.4631708509467,7219.075142923725,-58.079918616172954,-10.887107261746047
