Time,x_sat,y_sat,z_sat,InTrackAngle,CrossTrackAngle
13.0,6954.029345822095,1.5096442616857793e-13,2465.436177576836,51.340262108463406,5.843316557734491
14.0,6794.333506467316,1.7613141609915727e-13,2876.444313932585,44.52094962257493,8.779829238501078
15.0,6610.370573952658,2.0066932335683079e-13,3277.178750584161,33.818816501722615,8.531717812632463
16.0,6402.7976025156,2.2449050672104296e-13,3666.2081977814655,18.92239426685767,15.07339213460778
17.0,6172.355973577965,2.475098848699352e-13,4042.1431720927403,3.6919002365037543,16.010500089030344
18.0,5919.868747778741,2.6964524026245063e-13,4403.640959175954,-16.463280975916234,21.351582757640667
19.0,5646.2377252760025,2.9081751279196875e-13,4749.410409506598,-33.73973423637035,18.513857034058965
20.0,5352.440224817526,3.1095108216263696e-13,5078.216549933143,-46.784647878400726,23.613983288289404
