Time,x_sat,y_sat,z_sat,InTrackAngle,CrossTrackAngle,Range
4.0,572.6062504458606,-572.6062504458602,7333.562834813664,42.11854026333037,-14.632004278259839
5.0,261.8121511106602,-261.81215111065995,7368.840375752563,32.64532772709658,-18.76271364387751
10.0,-1283.950457425591,1283.9504574255911,7151.2126338134285,-38.405476460202344,-32.798238845785534
