Time,x_sat,y_sat,z_sat,InTrackAngle,CrossTrackAngle
21.0,5039.525593084184,3.299740379798456e-13,5388.884994589238,45.40497781255391,-12.400883611095173
22.0,4708.6114567736,3.4781843659017346e-13,5680.306139408329,33.87721373524663,-12.592424047996936
23.0,4360.879730810338,3.6442054375345593e-13,5951.439125259294,15.360090400938072,-15.250530411807073
24.0,3997.5723969400024,3.79721062280234e-13,6201.315555548106,-10.52718343336628,-15.359060134948768
26.0,3229.4723522034874,4.062035840545583e-13,6633.807957320805,-47.936192509459815,-16.899098969228334
