Time,x_sat,y_sat,z_sat,InTrackAngle,CrossTrackAngle
8.5,535.3796424033441,-535.3796424033436,7339.185034134218,32.235366753933974,-2.0816092772355925
9.0,380.06681332504706,-380.06681332504655,7358.532334853021,24.63808940030978,-1.9582808364670874
9.5,224.4145404828612,-224.41454048286073,7371.307612377826,13.433158073911596,-2.543312045368301
10.5,-87.35209532687512,87.352095326876,7377.102338394362,-9.441490669592465,-3.227666990043806
11.0,-243.18801451400776,243.18801451400816,7370.11661152339,-21.05514838496605,-2.333935771268141
11.5,-398.80673858679376,398.8067385867946,7356.548515355219,-26.331766696991174,-1.0714753017754461
