Time,x_sat,y_sat,z_sat,InTrackAngle,CrossTrackAngle
28.0,2415.2751127608713,4.268879928053408e-13,6971.609987509163,56.36058786143939,-11.90339274261342
30.0,1566.6024559746809,4.414790411628635e-13,7209.899890649915,24.811494392209852,-9.359574826410826
31.0,1133.108900609912,4.4642098292397434e-13,7290.607924420168,2.6943461400088298,-9.453470969089778
32.0,695.5682581798372,4.497684578296049e-13,7345.276338332835,-26.23354139299867,-7.969553786190976
33.0,255.54327792556825,4.5150950981588094e-13,7373.709875047065,-41.2786703953743,-10.211219257041316
