Time,x_sat,y_sat,z_sat,InTrackAngle,CrossTrackAngle,Range
0.0,45.151380219370495,-0.016637670113641607
1.0,36.24700051337217,-1.8510873337004898
2.0,22.373128072581427,-4.302778166890358
4.0,-15.036131956111415,-7.886185914533864
5.0,-30.8238803300297,-9.60341128539609
6.0,-41.746288879603405,-11.10554028396867
